{"total":869,"movies":[{"id":"10180","title":"10 Things I Hate About You","year":1999,"mpaa_rating":"PG-13","runtime":97,"critics_consensus":"Julia Stiles and Heath Ledger add strong performances to an unexpectedly clever script, elevating 10 Things (slightly) above typical teen fare.","release_dates":{"theater":"1999-03-31","dvd":"1999-10-12"},"ratings":{"critics_rating":"Fresh","critics_score":61,"audience_rating":"Upright","audience_score":69},"synopsis":"","posters":{"thumbnail":"http://content8.flixster.com/movie/11/15/34/11153458_mob.jpg","profile":"http://content8.flixster.com/movie/11/15/34/11153458_pro.jpg","detailed":"http://content8.flixster.com/movie/11/15/34/11153458_det.jpg","original":"http://content8.flixster.com/movie/11/15/34/11153458_ori.jpg"},"abridged_cast":[{"name":"Heath Ledger","id":"162652588","characters":["Patrick Verona"]},{"name":"Julia Stiles","id":"162660056","characters":["Katarina Stratford"]},{"name":"Joseph Gordon-Levitt","id":"162666960","characters":["Cameron James"]},{"name":"Larisa Oleynik","id":"382254460","characters":["Bianca Stratford"]},{"name":"David Krumholtz","id":"162656172","characters":["Michael Eckman"]}],"alternate_ids":{"imdb":"0147800"},"links":{"self":"http://api.rottentomatoes.com/api/public/v1.0/movies/10180.json","alternate":"http://www.rottentomatoes.com/m/10_things_i_hate_about_you/","cast":"http://api.rottentomatoes.com/api/public/v1.0/movies/10180/cast.json","clips":"http://api.rottentomatoes.com/api/public/v1.0/movies/10180/clips.json","reviews":"http://api.rottentomatoes.com/api/public/v1.0/movies/10180/reviews.json","similar":"http://api.rottentomatoes.com/api/public/v1.0/movies/10180/similar.json"}},{"id":"771308231","title":"Ten","year":2012,"mpaa_rating":"Unrated","runtime":"","release_dates":{"theater":"2014-01-24"},"ratings":{"critics_score":-1,"audience_score":100},"synopsis":"","posters":{"thumbnail":"http://images.rottentomatoescdn.com/images/redesign/poster_default.gif","profile":"http://images.rottentomatoescdn.com/images/redesign/poster_default.gif","detailed":"http://images.rottentomatoescdn.com/images/redesign/poster_default.gif","original":"http://images.rottentomatoescdn.com/images/redesign/poster_default.gif"},"abridged_cast":[{"name":"Arnold Schwarzenegger","id":"162662233"},{"name":"Malin Akerman","id":"512896981"},{"name":"Sam Worthington","id":"326396777"},{"name":"Joe Manganiello","id":"770800475"},{"name":"Olivia Williams","id":"162662296"}],"alternate_ids":{"imdb":"1742334"},"links":{"self":"http://api.rottentomatoes.com/api/public/v1.0/movies/771308231.json","alternate":"http://www.rottentomatoes.com/m/ten_2012/","cast":"http://api.rottentomatoes.com/api/public/v1.0/movies/771308231/cast.json","clips":"http://api.rottentomatoes.com/api/public/v1.0/movies/771308231/clips.json","reviews":"http://api.rottentomatoes.com/api/public/v1.0/movies/771308231/reviews.json","similar":"http://api.rottentomatoes.com/api/public/v1.0/movies/771308231/similar.json"}},{"id":"770673701","title":"10,000 B.C.","year":2008,"mpaa_rating":"PG-13","runtime":109,"critics_consensus":"With attention strictly paid to style instead of substance, or historical accuracy, 10,000 B.C. is a visually impressive but narratively flimsy epic.","release_dates":{"theater":"2008-03-07","dvd":"2008-06-24"},"ratings":{"critics_rating":"Rotten","critics_score":8,"audience_rating":"Spilled","audience_score":44},"synopsis":"","posters":{"thumbnail":"http://content8.flixster.com/movie/11/16/68/11166862_mob.jpg","profile":"http://content8.flixster.com/movie/11/16/68/11166862_pro.jpg","detailed":"http://content8.flixster.com/movie/11/16/68/11166862_det.jpg","original":"http://content8.flixster.com/movie/11/16/68/11166862_ori.jpg"},"abridged_cast":[{"name":"Steven Strait","id":"162653560","characters":["D'Leh"]},{"name":"Camilla Belle","id":"162653083","characters":["Evolet"]},{"name":"Cliff Curtis","id":"162660161","characters":["Tic Tic"]},{"name":"Joel Virgel","id":"770676693","characters":["Nakudu"]},{"name":"Ben Badra","id":"771047088","characters":["Warlord"]}],"alternate_ids":{"imdb":"0443649"},"links":{"self":"http://api.rottentomatoes.com/api/public/v1.0/movies/770673701.json","alternate":"http://www.rottentomatoes.com/m/10000_bc/","cast":"http://api.rottentomatoes.com/api/public/v1.0/movies/770673701/cast.json","clips":"http://api.rottentomatoes.com/api/public/v1.0/movies/770673701/clips.json","reviews":"http://api.rottentomatoes.com/api/public/v1.0/movies/770673701/reviews.json","similar":"http://api.rottentomatoes.com/api/public/v1.0/movies/770673701/similar.json"}},{"id":"10435","title":"How to Lose a Guy in 10 Days","year":2003,"mpaa_rating":"PG-13","runtime":115,"critics_consensus":"Good premise, dull execution.","release_dates":{"theater":"2003-02-07","dvd":"2003-07-01"},"ratings":{"critics_rating":"Rotten","critics_score":42,"audience_rating":"Upright","audience_score":78},"synopsis":"","posters":{"thumbnail":"http://content9.flixster.com/movie/11/16/89/11168947_mob.jpg","profile":"http://content9.flixster.com/movie/11/16/89/11168947_pro.jpg","detailed":"http://content9.flixster.com/movie/11/16/89/11168947_det.jpg","original":"http://content9.flixster.com/movie/11/16/89/11168947_ori.jpg"},"abridged_cast":[{"name":"Kate Hudson","id":"162653218","characters":["Andie Anderson"]},{"name":"Matthew McConaughey","id":"162652350","characters":["Benjamin Barry"]},{"name":"Adam Goldberg","id":"162655081","characters":["Tony"]},{"name":"Michael Michele","id":"770677085","characters":["Spears"]},{"name":"Shalom Harlow","id":"162740624","characters":["Green"]}],"alternate_ids":{"imdb":"0251127"},"links":{"self":"http://api.rottentomatoes.com/api/public/v1.0/movies/10435.json","alternate":"http://www.rottentomatoes.com/m/how_to_lose_a_guy_in_10_days/","cast":"http://api.rottentomatoes.com/api/public/v1.0/movies/10435/cast.json","clips":"http://api.rottentomatoes.com/api/public/v1.0/movies/10435/clips.json","reviews":"http://api.rottentomatoes.com/api/public/v1.0/movies/10435/reviews.json","similar":"http://api.rottentomatoes.com/api/public/v1.0/movies/10435/similar.json"}},{"id":"436549912","title":"The Ten","year":2007,"mpaa_rating":"R","runtime":99,"critics_consensus":"Although a few of the sketches that make up The Ten are humorous, the uneven and random tone of the film cause it to fall apart.","release_dates":{"theater":"2007-01-19","dvd":"2008-01-15"},"ratings":{"critics_rating":"Rotten","critics_score":37,"audience_rating":"Spilled","audience_score":39},"synopsis":"","posters":{"thumbnail":"http://content6.flixster.com/movie/10/69/44/10694404_mob.jpg","profile":"http://content6.flixster.com/movie/10/69/44/10694404_pro.jpg","detailed":"http://content6.flixster.com/movie/10/69/44/10694404_det.jpg","original":"http://content6.flixster.com/movie/10/69/44/10694404_ori.jpg"},"abridged_cast":[{"name":"Paul Rudd","id":"162653309","characters":["Jeff Reigert"]},{"name":"Famke Janssen","id":"162669246","characters":["Gretchen Reigert"]},{"name":"Gretchen Mol","id":"162694649","characters":["Gloria Jennings"]},{"name":"Winona Ryder","id":"162659115","characters":["Kelly La Fonda"]},{"name":"Jessica Alba","id":"162652782","characters":["Liz Anne Blazer"]}],"alternate_ids":{"imdb":"0811106"},"links":{"self":"http://api.rottentomatoes.com/api/public/v1.0/movies/436549912.json","alternate":"http://www.rottentomatoes.com/m/10007947-ten/","cast":"http://api.rottentomatoes.com/api/public/v1.0/movies/436549912/cast.json","clips":"http://api.rottentomatoes.com/api/public/v1.0/movies/436549912/clips.json","reviews":"http://api.rottentomatoes.com/api/public/v1.0/movies/436549912/reviews.json","similar":"http://api.rottentomatoes.com/api/public/v1.0/movies/436549912/similar.json"}},{"id":"9417","title":"101 Dalmatians","year":1961,"mpaa_rating":"G","runtime":79,"critics_consensus":"With plenty of pooches and a memorable villain (Cruella De Vil), this is one of Disney's most enduring, entertaining animated films.","release_dates":{"theater":"1961-01-25","dvd":"2008-03-04"},"ratings":{"critics_rating":"Fresh","critics_score":97,"audience_rating":"Upright","audience_score":63},"synopsis":"","posters":{"thumbnail":"http://content9.flixster.com/movie/11/15/53/11155339_mob.jpg","profile":"http://content9.flixster.com/movie/11/15/53/11155339_pro.jpg","detailed":"http://content9.flixster.com/movie/11/15/53/11155339_det.jpg","original":"http://content9.flixster.com/movie/11/15/53/11155339_ori.jpg"},"abridged_cast":[{"name":"Rod Taylor","id":"162655937","characters":["Pongo"]},{"name":"J. Pat O'Malley","id":"770673346","characters":["Jasper/Miscellaneous Dogs"]},{"name":"Betty Lou Gerson","id":"162655938","characters":["Cruella De Vil","Miss Birdwell"]},{"name":"Martha Wentworth","id":"770686334","characters":["Cow","Goose","Nani"]},{"name":"Ben Wright","id":"770703426","characters":["Roger Radcliff"]}],"alternate_ids":{"imdb":"0055254"},"links":{"self":"http://api.rottentomatoes.com/api/public/v1.0/movies/9417.json","alternate":"http://www.rottentomatoes.com/m/101_dalmatians/","cast":"http://api.rottentomatoes.com/api/public/v1.0/movies/9417/cast.json","clips":"http://api.rottentomatoes.com/api/public/v1.0/movies/9417/clips.json","reviews":"http://api.rottentomatoes.com/api/public/v1.0/movies/9417/reviews.json","similar":"http://api.rottentomatoes.com/api/public/v1.0/movies/9417/similar.json"}},{"id":"12901","title":"House of 1000 Corpses","year":2002,"mpaa_rating":"R","runtime":88,"critics_consensus":"There's an abundance of gore in this derivative horror movie, but little sense or wit.","release_dates":{"theater":"2003-04-11","dvd":"2003-08-12"},"ratings":{"critics_rating":"Rotten","critics_score":17,"audience_rating":"Upright","audience_score":67},"synopsis":"","posters":{"thumbnail":"http://content7.flixster.com/movie/10/89/45/10894585_mob.jpg","profile":"http://content7.flixster.com/movie/10/89/45/10894585_pro.jpg","detailed":"http://content7.flixster.com/movie/10/89/45/10894585_det.jpg","original":"http://content7.flixster.com/movie/10/89/45/10894585_ori.jpg"},"abridged_cast":[{"name":"Sid Haig","id":"162653011","characters":["Captain Spaulding"]},{"name":"Bill Moseley","id":"368451839","characters":["Otis"]},{"name":"Sheri Moon Zombie","id":"770902639","characters":["Baby"]},{"name":"Karen Black","id":"162667389","characters":["Mother Firefly"]},{"name":"Chris Hardwick","id":"770713700","characters":["Jerry"]}],"alternate_ids":{"imdb":"0251736"},"links":{"self":"http://api.rottentomatoes.com/api/public/v1.0/movies/12901.json","alternate":"http://www.rottentomatoes.com/m/house_of_1000_corpses/","cast":"http://api.rottentomatoes.com/api/public/v1.0/movies/12901/cast.json","clips":"http://api.rottentomatoes.com/api/public/v1.0/movies/12901/clips.json","reviews":"http://api.rottentomatoes.com/api/public/v1.0/movies/12901/reviews.json","similar":"http://api.rottentomatoes.com/api/public/v1.0/movies/12901/similar.json"}},{"id":"9606","title":"102 Dalmatians","year":2000,"mpaa_rating":"G","runtime":100,"critics_consensus":"This sequel to the live-action 101 Dalmatians is simply more of the same. Critics say it also drags in parts, potentially boring children, and that it's too violent for a G-rated movie.","release_dates":{"theater":"2000-11-22","dvd":"2001-04-03"},"ratings":{"critics_rating":"Rotten","critics_score":31,"audience_rating":"Spilled","audience_score":44},"synopsis":"","posters":{"thumbnail":"http://content8.flixster.com/movie/10/86/73/10867358_mob.jpg","profile":"http://content8.flixster.com/movie/10/86/73/10867358_pro.jpg","detailed":"http://content8.flixster.com/movie/10/86/73/10867358_det.jpg","original":"http://content8.flixster.com/movie/10/86/73/10867358_ori.jpg"},"abridged_cast":[{"name":"Glenn Close","id":"162653084","characters":["Cruella De Vil"]},{"name":"Ioan Gruffudd","id":"162652780","characters":["Kevin Shepherd"]},{"name":"Alice Evans","id":"329280378","characters":["Chloe Simon"]},{"name":"Tim McInnerny","id":"326396404","characters":["Alonso"]},{"name":"Ian Richardson","id":"364605609","characters":["Mr. Torte"]}],"alternate_ids":{"imdb":"0211181"},"links":{"self":"http://api.rottentomatoes.com/api/public/v1.0/movies/9606.json","alternate":"http://www.rottentomatoes.com/m/102_dalmatians/","cast":"http://api.rottentomatoes.com/api/public/v1.0/movies/9606/cast.json","clips":"http://api.rottentomatoes.com/api/public/v1.0/movies/9606/clips.json","reviews":"http://api.rottentomatoes.com/api/public/v1.0/movies/9606/reviews.json","similar":"http://api.rottentomatoes.com/api/public/v1.0/movies/9606/similar.json"}},{"id":"11427","title":"The Whole Ten Yards","year":2004,"mpaa_rating":"PG-13","runtime":99,"critics_consensus":"A strained, laugh-free sequel, The Whole Ten Yards recycles its predecessor's cast and plot but not its wit or reason for being.","release_dates":{"theater":"2003-04-01","dvd":"2004-07-27"},"ratings":{"critics_rating":"Rotten","critics_score":4,"audience_rating":"Spilled","audience_score":49},"synopsis":"","posters":{"thumbnail":"http://content8.flixster.com/movie/55/37/07/5537078_mob.jpg","profile":"http://content8.flixster.com/movie/55/37/07/5537078_pro.jpg","detailed":"http://content8.flixster.com/movie/55/37/07/5537078_det.jpg","original":"http://content8.flixster.com/movie/55/37/07/5537078_ori.jpg"},"abridged_cast":[{"name":"Bruce Willis","id":"162652509","characters":["Jimmy 'The Tulip' Tudeski"]},{"name":"Matthew Perry","id":"162671845","characters":["Nicholas 'Oz' Oseransky"]},{"name":"Amanda Peet","id":"162652454","characters":["Jill St. Claire"]},{"name":"Kevin Pollak","id":"162675617","characters":["Laszlo"]},{"name":"Natasha Henstridge","id":"162671846","characters":["Cynthia"]}],"alternate_ids":{"imdb":"0327247"},"links":{"self":"http://api.rottentomatoes.com/api/public/v1.0/movies/11427.json","alternate":"http://www.rottentomatoes.com/m/whole_ten_yards/","cast":"http://api.rottentomatoes.com/api/public/v1.0/movies/11427/cast.json","clips":"http://api.rottentomatoes.com/api/public/v1.0/movies/11427/clips.json","reviews":"http://api.rottentomatoes.com/api/public/v1.0/movies/11427/reviews.json","similar":"http://api.rottentomatoes.com/api/public/v1.0/movies/11427/similar.json"}},{"id":"9809","title":"101 Dalmatians","year":1996,"mpaa_rating":"G","runtime":103,"release_dates":{"theater":"1996-11-29","dvd":"1998-04-21"},"ratings":{"critics_rating":"Rotten","critics_score":39,"audience_rating":"Spilled","audience_score":47},"synopsis":"","posters":{"thumbnail":"http://content6.flixster.com/movie/25/28/252816_mob.jpg","profile":"http://content6.flixster.com/movie/25/28/252816_pro.jpg","detailed":"http://content6.flixster.com/movie/25/28/252816_det.jpg","original":"http://content6.flixster.com/movie/25/28/252816_ori.jpg"},"abridged_cast":[{"name":"Glenn Close","id":"162653084","characters":["Cruella De Vil"]},{"name":"Jeff Daniels","id":"162654392","characters":["Roger"]},{"name":"Joely Richardson","id":"162746074","characters":["Anita"]},{"name":"Joan Plowright","id":"162658020","characters":["Nanny"]},{"name":"Hugh Laurie","id":"162746075","characters":["Jasper"]}],"alternate_ids":{"imdb":"0115433"},"links":{"self":"http://api.rottentomatoes.com/api/public/v1.0/movies/9809.json","alternate":"http://www.rottentomatoes.com/m/1074108-101_dalmatians/","cast":"http://api.rottentomatoes.com/api/public/v1.0/movies/9809/cast.json","clips":"http://api.rottentomatoes.com/api/public/v1.0/movies/9809/clips.json","reviews":"http://api.rottentomatoes.com/api/public/v1.0/movies/9809/reviews.json","similar":"http://api.rottentomatoes.com/api/public/v1.0/movies/9809/similar.json"}}],"links":{"self":"http://api.rottentomatoes.com/api/public/v1.0/movies.json?q=10&page_limit=10&page=1","next":"http://api.rottentomatoes.com/api/public/v1.0/movies.json?q=10&page_limit=10&page=2"},"link_template":"http://api.rottentomatoes.com/api/public/v1.0/movies.json?q={search-term}&page_limit={results-per-page}&page={page-number}"}
