{
  "properties": {
    "title": "Closed Won Opportunities Gauge",
    "values": [
      {
        "group": 1,
        "t": 4
      }
    ]
  },
  "data": [
    {
      "key": "Range 1"
      , "y": 3
      , "color": "#d62728"
      , "classes": "nv-fill08"
    },
    {
      "key": "Range 2"
      , "y": 5
      , "color": "#ff7f0e"
      , "classes": "nv-fill06"
    },
    {
      "key": "Range 3"
      , "y": 7
      , "color": "#bcbd22"
      , "classes": "nv-fill03"
    },
    {
      "key": "Range 4"
      , "y": 9
      , "color": "#2ca02c"
      , "classes": "nv-fill01"
    }
  ]
}
