{
  "properties": {
    "title": "Total is 50",
    "labels": [
      {"group": 1, "l": [""]},
      {"group": 2, "l": ["Banking"]},
      {"group": 3, "l": ["Biotechnology"]},
      {"group": 4, "l": ["Chemicals"]},
      {"group": 5, "l": ["Communications"]},
      {"group": 6, "l": ["Construction"]},
      {"group": 7, "l": ["Consulting"]},
      {"group": 8, "l": ["Education"]},
      {"group": 9, "l": ["Electronics"]},
      {"group": 10, "l": ["Energy"]},
      {"group": 11, "l": ["Engineering"]},
      {"group": 12, "l": ["Entertainment"]},
      {"group": 13, "l": ["Environmental"]},
      {"group": 14, "l": ["Finance"]},
      {"group": 15, "l": ["Government"]},
      {"group": 16, "l": ["Hospitality"]},
      {"group": 17, "l": ["Insurance"]},
      {"group": 18, "l": ["Machinery"]},
      {"group": 19, "l": ["Manufacturing"]},
      {"group": 20, "l": ["Media"]},
      {"group": 21, "l": ["Not For Profit"]},
      {"group": 22, "l": ["Recreation"]},
      {"group": 23, "l": ["Shipping"]},
      {"group": 24, "l": ["Technology"]},
      {"group": 25, "l": ["Telecommunications"]},
      {"group": 26, "l": ["Transportation"]},
      {"group": 27, "l": ["Utilities"]},
      {"group": 28, "l": ["Other"]}
    ],
    "values": [
      {"group": 1, "t": 1},
      {"group": 2, "t": 3},
      {"group": 3, "t": 1},
      {"group": 4, "t": 1},
      {"group": 5, "t": 1},
      {"group": 6, "t": 2},
      {"group": 7, "t": 1},
      {"group": 8, "t": 1},
      {"group": 9, "t": 1},
      {"group": 10, "t": 1},
      {"group": 11, "t": 2},
      {"group": 12, "t": 1},
      {"group": 13, "t": 5},
      {"group": 14, "t": 3},
      {"group": 15, "t": 2},
      {"group": 16, "t": 1},
      {"group": 17, "t": 3},
      {"group": 18, "t": 2},
      {"group": 19, "t": 1},
      {"group": 20, "t": 1},
      {"group": 21, "t": 1},
      {"group": 22, "t": 2},
      {"group": 23, "t": 2},
      {"group": 24, "t": 1},
      {"group": 25, "t": 1},
      {"group": 26, "t": 1},
      {"group": 27, "t": 3},
      {"group": 28, "t": 5}
    ]
  },
  "data": [
    {
      "key": "",
      "type": "bar",
      "values": [
        {"series": 0, "x": 1, "y": 1, "y0": 0},
        {"series": 0, "x": 2, "y": 0, "y0": 0},
        {"series": 0, "x": 3, "y": 0, "y0": 0},
        {"series": 0, "x": 4, "y": 0, "y0": 0},
        {"series": 0, "x": 5, "y": 0, "y0": 0},
        {"series": 0, "x": 6, "y": 0, "y0": 0},
        {"series": 0, "x": 7, "y": 0, "y0": 0},
        {"series": 0, "x": 8, "y": 0, "y0": 0},
        {"series": 0, "x": 9, "y": 0, "y0": 0},
        {"series": 0, "x": 10, "y": 0, "y0": 0},
        {"series": 0, "x": 11, "y": 0, "y0": 0},
        {"series": 0, "x": 12, "y": 0, "y0": 0},
        {"series": 0, "x": 13, "y": 0, "y0": 0},
        {"series": 0, "x": 14, "y": 0, "y0": 0},
        {"series": 0, "x": 15, "y": 0, "y0": 0},
        {"series": 0, "x": 16, "y": 0, "y0": 0},
        {"series": 0, "x": 17, "y": 0, "y0": 0},
        {"series": 0, "x": 18, "y": 0, "y0": 0},
        {"series": 0, "x": 19, "y": 0, "y0": 0},
        {"series": 0, "x": 20, "y": 0, "y0": 0},
        {"series": 0, "x": 21, "y": 0, "y0": 0},
        {"series": 0, "x": 22, "y": 0, "y0": 0},
        {"series": 0, "x": 23, "y": 0, "y0": 0},
        {"series": 0, "x": 24, "y": 0, "y0": 0},
        {"series": 0, "x": 25, "y": 0, "y0": 0},
        {"series": 0, "x": 26, "y": 0, "y0": 0},
        {"series": 0, "x": 27, "y": 0, "y0": 0},
        {"series": 0, "x": 28, "y": 0, "y0": 0}
      ]
    },
    {
      "key": "Banking",
      "type": "bar",
      "values": [
        {"series": 1, "x": 1, "y": 0, "y0": 0},
        {"series": 1, "x": 2, "y": 3, "y0": 0},
        {"series": 1, "x": 3, "y": 0, "y0": 0},
        {"series": 1, "x": 4, "y": 0, "y0": 0},
        {"series": 1, "x": 5, "y": 0, "y0": 0},
        {"series": 1, "x": 6, "y": 0, "y0": 0},
        {"series": 1, "x": 7, "y": 0, "y0": 0},
        {"series": 1, "x": 8, "y": 0, "y0": 0},
        {"series": 1, "x": 9, "y": 0, "y0": 0},
        {"series": 1, "x": 10, "y": 0, "y0": 0},
        {"series": 1, "x": 11, "y": 0, "y0": 0},
        {"series": 1, "x": 12, "y": 0, "y0": 0},
        {"series": 1, "x": 13, "y": 0, "y0": 0},
        {"series": 1, "x": 14, "y": 0, "y0": 0},
        {"series": 1, "x": 15, "y": 0, "y0": 0},
        {"series": 1, "x": 16, "y": 0, "y0": 0},
        {"series": 1, "x": 17, "y": 0, "y0": 0},
        {"series": 1, "x": 18, "y": 0, "y0": 0},
        {"series": 1, "x": 19, "y": 0, "y0": 0},
        {"series": 1, "x": 20, "y": 0, "y0": 0},
        {"series": 1, "x": 21, "y": 0, "y0": 0},
        {"series": 1, "x": 22, "y": 0, "y0": 0},
        {"series": 1, "x": 23, "y": 0, "y0": 0},
        {"series": 1, "x": 24, "y": 0, "y0": 0},
        {"series": 1, "x": 25, "y": 0, "y0": 0},
        {"series": 1, "x": 26, "y": 0, "y0": 0},
        {"series": 1, "x": 27, "y": 0, "y0": 0},
        {"series": 1, "x": 28, "y": 0, "y0": 0}
      ]
    },
    {
      "key": "Biotechnology",
      "type": "bar",
      "values": [
        {"series": 2, "x": 1, "y": 0, "y0": 0},
        {"series": 2, "x": 2, "y": 0, "y0": 0},
        {"series": 2, "x": 3, "y": 1, "y0": 0},
        {"series": 2, "x": 4, "y": 0, "y0": 0},
        {"series": 2, "x": 5, "y": 0, "y0": 0},
        {"series": 2, "x": 6, "y": 0, "y0": 0},
        {"series": 2, "x": 7, "y": 0, "y0": 0},
        {"series": 2, "x": 8, "y": 0, "y0": 0},
        {"series": 2, "x": 9, "y": 0, "y0": 0},
        {"series": 2, "x": 10, "y": 0, "y0": 0},
        {"series": 2, "x": 11, "y": 0, "y0": 0},
        {"series": 2, "x": 12, "y": 0, "y0": 0},
        {"series": 2, "x": 13, "y": 0, "y0": 0},
        {"series": 2, "x": 14, "y": 0, "y0": 0},
        {"series": 2, "x": 15, "y": 0, "y0": 0},
        {"series": 2, "x": 16, "y": 0, "y0": 0},
        {"series": 2, "x": 17, "y": 0, "y0": 0},
        {"series": 2, "x": 18, "y": 0, "y0": 0},
        {"series": 2, "x": 19, "y": 0, "y0": 0},
        {"series": 2, "x": 20, "y": 0, "y0": 0},
        {"series": 2, "x": 21, "y": 0, "y0": 0},
        {"series": 2, "x": 22, "y": 0, "y0": 0},
        {"series": 2, "x": 23, "y": 0, "y0": 0},
        {"series": 2, "x": 24, "y": 0, "y0": 0},
        {"series": 2, "x": 25, "y": 0, "y0": 0},
        {"series": 2, "x": 26, "y": 0, "y0": 0},
        {"series": 2, "x": 27, "y": 0, "y0": 0},
        {"series": 2, "x": 28, "y": 0, "y0": 0}
      ]
    },
    {
      "key": "Chemicals",
      "type": "bar",
      "values": [
        {"series": 3, "x": 1, "y": 0, "y0": 0},
        {"series": 3, "x": 2, "y": 0, "y0": 0},
        {"series": 3, "x": 3, "y": 0, "y0": 0},
        {"series": 3, "x": 4, "y": 1, "y0": 0},
        {"series": 3, "x": 5, "y": 0, "y0": 0},
        {"series": 3, "x": 6, "y": 0, "y0": 0},
        {"series": 3, "x": 7, "y": 0, "y0": 0},
        {"series": 3, "x": 8, "y": 0, "y0": 0},
        {"series": 3, "x": 9, "y": 0, "y0": 0},
        {"series": 3, "x": 10, "y": 0, "y0": 0},
        {"series": 3, "x": 11, "y": 0, "y0": 0},
        {"series": 3, "x": 12, "y": 0, "y0": 0},
        {"series": 3, "x": 13, "y": 0, "y0": 0},
        {"series": 3, "x": 14, "y": 0, "y0": 0},
        {"series": 3, "x": 15, "y": 0, "y0": 0},
        {"series": 3, "x": 16, "y": 0, "y0": 0},
        {"series": 3, "x": 17, "y": 0, "y0": 0},
        {"series": 3, "x": 18, "y": 0, "y0": 0},
        {"series": 3, "x": 19, "y": 0, "y0": 0},
        {"series": 3, "x": 20, "y": 0, "y0": 0},
        {"series": 3, "x": 21, "y": 0, "y0": 0},
        {"series": 3, "x": 22, "y": 0, "y0": 0},
        {"series": 3, "x": 23, "y": 0, "y0": 0},
        {"series": 3, "x": 24, "y": 0, "y0": 0},
        {"series": 3, "x": 25, "y": 0, "y0": 0},
        {"series": 3, "x": 26, "y": 0, "y0": 0},
        {"series": 3, "x": 27, "y": 0, "y0": 0},
        {"series": 3, "x": 28, "y": 0, "y0": 0}
      ]
    },
    {
      "key": "Communications",
      "type": "bar",
      "values": [
        {"series": 4, "x": 1, "y": 0, "y0": 0},
        {"series": 4, "x": 2, "y": 0, "y0": 0},
        {"series": 4, "x": 3, "y": 0, "y0": 0},
        {"series": 4, "x": 4, "y": 0, "y0": 0},
        {"series": 4, "x": 5, "y": 1, "y0": 0},
        {"series": 4, "x": 6, "y": 0, "y0": 0},
        {"series": 4, "x": 7, "y": 0, "y0": 0},
        {"series": 4, "x": 8, "y": 0, "y0": 0},
        {"series": 4, "x": 9, "y": 0, "y0": 0},
        {"series": 4, "x": 10, "y": 0, "y0": 0},
        {"series": 4, "x": 11, "y": 0, "y0": 0},
        {"series": 4, "x": 12, "y": 0, "y0": 0},
        {"series": 4, "x": 13, "y": 0, "y0": 0},
        {"series": 4, "x": 14, "y": 0, "y0": 0},
        {"series": 4, "x": 15, "y": 0, "y0": 0},
        {"series": 4, "x": 16, "y": 0, "y0": 0},
        {"series": 4, "x": 17, "y": 0, "y0": 0},
        {"series": 4, "x": 18, "y": 0, "y0": 0},
        {"series": 4, "x": 19, "y": 0, "y0": 0},
        {"series": 4, "x": 20, "y": 0, "y0": 0},
        {"series": 4, "x": 21, "y": 0, "y0": 0},
        {"series": 4, "x": 22, "y": 0, "y0": 0},
        {"series": 4, "x": 23, "y": 0, "y0": 0},
        {"series": 4, "x": 24, "y": 0, "y0": 0},
        {"series": 4, "x": 25, "y": 0, "y0": 0},
        {"series": 4, "x": 26, "y": 0, "y0": 0},
        {"series": 4, "x": 27, "y": 0, "y0": 0},
        {"series": 4, "x": 28, "y": 0, "y0": 0}
      ]
    },
    {
      "key": "Construction",
      "type": "bar",
      "values": [
        {"series": 5, "x": 1, "y": 0, "y0": 0},
        {"series": 5, "x": 2, "y": 0, "y0": 0},
        {"series": 5, "x": 3, "y": 0, "y0": 0},
        {"series": 5, "x": 4, "y": 0, "y0": 0},
        {"series": 5, "x": 5, "y": 0, "y0": 0},
        {"series": 5, "x": 6, "y": 2, "y0": 0},
        {"series": 5, "x": 7, "y": 0, "y0": 0},
        {"series": 5, "x": 8, "y": 0, "y0": 0},
        {"series": 5, "x": 9, "y": 0, "y0": 0},
        {"series": 5, "x": 10, "y": 0, "y0": 0},
        {"series": 5, "x": 11, "y": 0, "y0": 0},
        {"series": 5, "x": 12, "y": 0, "y0": 0},
        {"series": 5, "x": 13, "y": 0, "y0": 0},
        {"series": 5, "x": 14, "y": 0, "y0": 0},
        {"series": 5, "x": 15, "y": 0, "y0": 0},
        {"series": 5, "x": 16, "y": 0, "y0": 0},
        {"series": 5, "x": 17, "y": 0, "y0": 0},
        {"series": 5, "x": 18, "y": 0, "y0": 0},
        {"series": 5, "x": 19, "y": 0, "y0": 0},
        {"series": 5, "x": 20, "y": 0, "y0": 0},
        {"series": 5, "x": 21, "y": 0, "y0": 0},
        {"series": 5, "x": 22, "y": 0, "y0": 0},
        {"series": 5, "x": 23, "y": 0, "y0": 0},
        {"series": 5, "x": 24, "y": 0, "y0": 0},
        {"series": 5, "x": 25, "y": 0, "y0": 0},
        {"series": 5, "x": 26, "y": 0, "y0": 0},
        {"series": 5, "x": 27, "y": 0, "y0": 0},
        {"series": 5, "x": 28, "y": 0, "y0": 0}
      ]
    },
    {
      "key": "Consulting",
      "type": "bar",
      "values": [
        {"series": 6, "x": 1, "y": 0, "y0": 0},
        {"series": 6, "x": 2, "y": 0, "y0": 0},
        {"series": 6, "x": 3, "y": 0, "y0": 0},
        {"series": 6, "x": 4, "y": 0, "y0": 0},
        {"series": 6, "x": 5, "y": 0, "y0": 0},
        {"series": 6, "x": 6, "y": 0, "y0": 0},
        {"series": 6, "x": 7, "y": 1, "y0": 0},
        {"series": 6, "x": 8, "y": 0, "y0": 0},
        {"series": 6, "x": 9, "y": 0, "y0": 0},
        {"series": 6, "x": 10, "y": 0, "y0": 0},
        {"series": 6, "x": 11, "y": 0, "y0": 0},
        {"series": 6, "x": 12, "y": 0, "y0": 0},
        {"series": 6, "x": 13, "y": 0, "y0": 0},
        {"series": 6, "x": 14, "y": 0, "y0": 0},
        {"series": 6, "x": 15, "y": 0, "y0": 0},
        {"series": 6, "x": 16, "y": 0, "y0": 0},
        {"series": 6, "x": 17, "y": 0, "y0": 0},
        {"series": 6, "x": 18, "y": 0, "y0": 0},
        {"series": 6, "x": 19, "y": 0, "y0": 0},
        {"series": 6, "x": 20, "y": 0, "y0": 0},
        {"series": 6, "x": 21, "y": 0, "y0": 0},
        {"series": 6, "x": 22, "y": 0, "y0": 0},
        {"series": 6, "x": 23, "y": 0, "y0": 0},
        {"series": 6, "x": 24, "y": 0, "y0": 0},
        {"series": 6, "x": 25, "y": 0, "y0": 0},
        {"series": 6, "x": 26, "y": 0, "y0": 0},
        {"series": 6, "x": 27, "y": 0, "y0": 0},
        {"series": 6, "x": 28, "y": 0, "y0": 0}
      ]
    },
    {
      "key": "Education",
      "type": "bar",
      "values": [
        {"series": 7, "x": 1, "y": 0, "y0": 0},
        {"series": 7, "x": 2, "y": 0, "y0": 0},
        {"series": 7, "x": 3, "y": 0, "y0": 0},
        {"series": 7, "x": 4, "y": 0, "y0": 0},
        {"series": 7, "x": 5, "y": 0, "y0": 0},
        {"series": 7, "x": 6, "y": 0, "y0": 0},
        {"series": 7, "x": 7, "y": 0, "y0": 0},
        {"series": 7, "x": 8, "y": 1, "y0": 0},
        {"series": 7, "x": 9, "y": 0, "y0": 0},
        {"series": 7, "x": 10, "y": 0, "y0": 0},
        {"series": 7, "x": 11, "y": 0, "y0": 0},
        {"series": 7, "x": 12, "y": 0, "y0": 0},
        {"series": 7, "x": 13, "y": 0, "y0": 0},
        {"series": 7, "x": 14, "y": 0, "y0": 0},
        {"series": 7, "x": 15, "y": 0, "y0": 0},
        {"series": 7, "x": 16, "y": 0, "y0": 0},
        {"series": 7, "x": 17, "y": 0, "y0": 0},
        {"series": 7, "x": 18, "y": 0, "y0": 0},
        {"series": 7, "x": 19, "y": 0, "y0": 0},
        {"series": 7, "x": 20, "y": 0, "y0": 0},
        {"series": 7, "x": 21, "y": 0, "y0": 0},
        {"series": 7, "x": 22, "y": 0, "y0": 0},
        {"series": 7, "x": 23, "y": 0, "y0": 0},
        {"series": 7, "x": 24, "y": 0, "y0": 0},
        {"series": 7, "x": 25, "y": 0, "y0": 0},
        {"series": 7, "x": 26, "y": 0, "y0": 0},
        {"series": 7, "x": 27, "y": 0, "y0": 0},
        {"series": 7, "x": 28, "y": 0, "y0": 0}
      ]
    },
    {
      "key": "Electronics",
      "type": "bar",
      "values": [
        {"series": 8, "x": 1, "y": 0, "y0": 0},
        {"series": 8, "x": 2, "y": 0, "y0": 0},
        {"series": 8, "x": 3, "y": 0, "y0": 0},
        {"series": 8, "x": 4, "y": 0, "y0": 0},
        {"series": 8, "x": 5, "y": 0, "y0": 0},
        {"series": 8, "x": 6, "y": 0, "y0": 0},
        {"series": 8, "x": 7, "y": 0, "y0": 0},
        {"series": 8, "x": 8, "y": 0, "y0": 0},
        {"series": 8, "x": 9, "y": 1, "y0": 0},
        {"series": 8, "x": 10, "y": 0, "y0": 0},
        {"series": 8, "x": 11, "y": 0, "y0": 0},
        {"series": 8, "x": 12, "y": 0, "y0": 0},
        {"series": 8, "x": 13, "y": 0, "y0": 0},
        {"series": 8, "x": 14, "y": 0, "y0": 0},
        {"series": 8, "x": 15, "y": 0, "y0": 0},
        {"series": 8, "x": 16, "y": 0, "y0": 0},
        {"series": 8, "x": 17, "y": 0, "y0": 0},
        {"series": 8, "x": 18, "y": 0, "y0": 0},
        {"series": 8, "x": 19, "y": 0, "y0": 0},
        {"series": 8, "x": 20, "y": 0, "y0": 0},
        {"series": 8, "x": 21, "y": 0, "y0": 0},
        {"series": 8, "x": 22, "y": 0, "y0": 0},
        {"series": 8, "x": 23, "y": 0, "y0": 0},
        {"series": 8, "x": 24, "y": 0, "y0": 0},
        {"series": 8, "x": 25, "y": 0, "y0": 0},
        {"series": 8, "x": 26, "y": 0, "y0": 0},
        {"series": 8, "x": 27, "y": 0, "y0": 0},
        {"series": 8, "x": 28, "y": 0, "y0": 0}
      ]
    },
    {
      "key": "Energy",
      "type": "bar",
      "values": [
        {"series": 9, "x": 1, "y": 0, "y0": 0},
        {"series": 9, "x": 2, "y": 0, "y0": 0},
        {"series": 9, "x": 3, "y": 0, "y0": 0},
        {"series": 9, "x": 4, "y": 0, "y0": 0},
        {"series": 9, "x": 5, "y": 0, "y0": 0},
        {"series": 9, "x": 6, "y": 0, "y0": 0},
        {"series": 9, "x": 7, "y": 0, "y0": 0},
        {"series": 9, "x": 8, "y": 0, "y0": 0},
        {"series": 9, "x": 9, "y": 0, "y0": 0},
        {"series": 9, "x": 10, "y": 1, "y0": 0},
        {"series": 9, "x": 11, "y": 0, "y0": 0},
        {"series": 9, "x": 12, "y": 0, "y0": 0},
        {"series": 9, "x": 13, "y": 0, "y0": 0},
        {"series": 9, "x": 14, "y": 0, "y0": 0},
        {"series": 9, "x": 15, "y": 0, "y0": 0},
        {"series": 9, "x": 16, "y": 0, "y0": 0},
        {"series": 9, "x": 17, "y": 0, "y0": 0},
        {"series": 9, "x": 18, "y": 0, "y0": 0},
        {"series": 9, "x": 19, "y": 0, "y0": 0},
        {"series": 9, "x": 20, "y": 0, "y0": 0},
        {"series": 9, "x": 21, "y": 0, "y0": 0},
        {"series": 9, "x": 22, "y": 0, "y0": 0},
        {"series": 9, "x": 23, "y": 0, "y0": 0},
        {"series": 9, "x": 24, "y": 0, "y0": 0},
        {"series": 9, "x": 25, "y": 0, "y0": 0},
        {"series": 9, "x": 26, "y": 0, "y0": 0},
        {"series": 9, "x": 27, "y": 0, "y0": 0},
        {"series": 9, "x": 28, "y": 0, "y0": 0}
      ]
    },
    {
      "key": "Engineering",
      "type": "bar",
      "values": [
        {"series": 10, "x": 1, "y": 0, "y0": 0},
        {"series": 10, "x": 2, "y": 0, "y0": 0},
        {"series": 10, "x": 3, "y": 0, "y0": 0},
        {"series": 10, "x": 4, "y": 0, "y0": 0},
        {"series": 10, "x": 5, "y": 0, "y0": 0},
        {"series": 10, "x": 6, "y": 0, "y0": 0},
        {"series": 10, "x": 7, "y": 0, "y0": 0},
        {"series": 10, "x": 8, "y": 0, "y0": 0},
        {"series": 10, "x": 9, "y": 0, "y0": 0},
        {"series": 10, "x": 10, "y": 0, "y0": 0},
        {"series": 10, "x": 11, "y": 2, "y0": 0},
        {"series": 10, "x": 12, "y": 0, "y0": 0},
        {"series": 10, "x": 13, "y": 0, "y0": 0},
        {"series": 10, "x": 14, "y": 0, "y0": 0},
        {"series": 10, "x": 15, "y": 0, "y0": 0},
        {"series": 10, "x": 16, "y": 0, "y0": 0},
        {"series": 10, "x": 17, "y": 0, "y0": 0},
        {"series": 10, "x": 18, "y": 0, "y0": 0},
        {"series": 10, "x": 19, "y": 0, "y0": 0},
        {"series": 10, "x": 20, "y": 0, "y0": 0},
        {"series": 10, "x": 21, "y": 0, "y0": 0},
        {"series": 10, "x": 22, "y": 0, "y0": 0},
        {"series": 10, "x": 23, "y": 0, "y0": 0},
        {"series": 10, "x": 24, "y": 0, "y0": 0},
        {"series": 10, "x": 25, "y": 0, "y0": 0},
        {"series": 10, "x": 26, "y": 0, "y0": 0},
        {"series": 10, "x": 27, "y": 0, "y0": 0},
        {"series": 10, "x": 28, "y": 0, "y0": 0}
      ]
    },
    {
      "key": "Entertainment",
      "type": "bar",
      "values": [
        {"series": 11, "x": 1, "y": 0, "y0": 0},
        {"series": 11, "x": 2, "y": 0, "y0": 0},
        {"series": 11, "x": 3, "y": 0, "y0": 0},
        {"series": 11, "x": 4, "y": 0, "y0": 0},
        {"series": 11, "x": 5, "y": 0, "y0": 0},
        {"series": 11, "x": 6, "y": 0, "y0": 0},
        {"series": 11, "x": 7, "y": 0, "y0": 0},
        {"series": 11, "x": 8, "y": 0, "y0": 0},
        {"series": 11, "x": 9, "y": 0, "y0": 0},
        {"series": 11, "x": 10, "y": 0, "y0": 0},
        {"series": 11, "x": 11, "y": 0, "y0": 0},
        {"series": 11, "x": 12, "y": 1, "y0": 0},
        {"series": 11, "x": 13, "y": 0, "y0": 0},
        {"series": 11, "x": 14, "y": 0, "y0": 0},
        {"series": 11, "x": 15, "y": 0, "y0": 0},
        {"series": 11, "x": 16, "y": 0, "y0": 0},
        {"series": 11, "x": 17, "y": 0, "y0": 0},
        {"series": 11, "x": 18, "y": 0, "y0": 0},
        {"series": 11, "x": 19, "y": 0, "y0": 0},
        {"series": 11, "x": 20, "y": 0, "y0": 0},
        {"series": 11, "x": 21, "y": 0, "y0": 0},
        {"series": 11, "x": 22, "y": 0, "y0": 0},
        {"series": 11, "x": 23, "y": 0, "y0": 0},
        {"series": 11, "x": 24, "y": 0, "y0": 0},
        {"series": 11, "x": 25, "y": 0, "y0": 0},
        {"series": 11, "x": 26, "y": 0, "y0": 0},
        {"series": 11, "x": 27, "y": 0, "y0": 0},
        {"series": 11, "x": 28, "y": 0, "y0": 0}
      ]
    },
    {
      "key": "Environmental",
      "type": "bar",
      "values": [
        {"series": 12, "x": 1, "y": 0, "y0": 0},
        {"series": 12, "x": 2, "y": 0, "y0": 0},
        {"series": 12, "x": 3, "y": 0, "y0": 0},
        {"series": 12, "x": 4, "y": 0, "y0": 0},
        {"series": 12, "x": 5, "y": 0, "y0": 0},
        {"series": 12, "x": 6, "y": 0, "y0": 0},
        {"series": 12, "x": 7, "y": 0, "y0": 0},
        {"series": 12, "x": 8, "y": 0, "y0": 0},
        {"series": 12, "x": 9, "y": 0, "y0": 0},
        {"series": 12, "x": 10, "y": 0, "y0": 0},
        {"series": 12, "x": 11, "y": 0, "y0": 0},
        {"series": 12, "x": 12, "y": 0, "y0": 0},
        {"series": 12, "x": 13, "y": 5, "y0": 0},
        {"series": 12, "x": 14, "y": 0, "y0": 0},
        {"series": 12, "x": 15, "y": 0, "y0": 0},
        {"series": 12, "x": 16, "y": 0, "y0": 0},
        {"series": 12, "x": 17, "y": 0, "y0": 0},
        {"series": 12, "x": 18, "y": 0, "y0": 0},
        {"series": 12, "x": 19, "y": 0, "y0": 0},
        {"series": 12, "x": 20, "y": 0, "y0": 0},
        {"series": 12, "x": 21, "y": 0, "y0": 0},
        {"series": 12, "x": 22, "y": 0, "y0": 0},
        {"series": 12, "x": 23, "y": 0, "y0": 0},
        {"series": 12, "x": 24, "y": 0, "y0": 0},
        {"series": 12, "x": 25, "y": 0, "y0": 0},
        {"series": 12, "x": 26, "y": 0, "y0": 0},
        {"series": 12, "x": 27, "y": 0, "y0": 0},
        {"series": 12, "x": 28, "y": 0, "y0": 0}
      ]
    },
    {
      "key": "Finance",
      "type": "bar",
      "values": [
        {"series": 13, "x": 1, "y": 0, "y0": 0},
        {"series": 13, "x": 2, "y": 0, "y0": 0},
        {"series": 13, "x": 3, "y": 0, "y0": 0},
        {"series": 13, "x": 4, "y": 0, "y0": 0},
        {"series": 13, "x": 5, "y": 0, "y0": 0},
        {"series": 13, "x": 6, "y": 0, "y0": 0},
        {"series": 13, "x": 7, "y": 0, "y0": 0},
        {"series": 13, "x": 8, "y": 0, "y0": 0},
        {"series": 13, "x": 9, "y": 0, "y0": 0},
        {"series": 13, "x": 10, "y": 0, "y0": 0},
        {"series": 13, "x": 11, "y": 0, "y0": 0},
        {"series": 13, "x": 12, "y": 0, "y0": 0},
        {"series": 13, "x": 13, "y": 0, "y0": 0},
        {"series": 13, "x": 14, "y": 3, "y0": 0},
        {"series": 13, "x": 15, "y": 0, "y0": 0},
        {"series": 13, "x": 16, "y": 0, "y0": 0},
        {"series": 13, "x": 17, "y": 0, "y0": 0},
        {"series": 13, "x": 18, "y": 0, "y0": 0},
        {"series": 13, "x": 19, "y": 0, "y0": 0},
        {"series": 13, "x": 20, "y": 0, "y0": 0},
        {"series": 13, "x": 21, "y": 0, "y0": 0},
        {"series": 13, "x": 22, "y": 0, "y0": 0},
        {"series": 13, "x": 23, "y": 0, "y0": 0},
        {"series": 13, "x": 24, "y": 0, "y0": 0},
        {"series": 13, "x": 25, "y": 0, "y0": 0},
        {"series": 13, "x": 26, "y": 0, "y0": 0},
        {"series": 13, "x": 27, "y": 0, "y0": 0},
        {"series": 13, "x": 28, "y": 0, "y0": 0}
      ]
    },
    {
      "key": "Government",
      "type": "bar",
      "values": [
        {"series": 14, "x": 1, "y": 0, "y0": 0},
        {"series": 14, "x": 2, "y": 0, "y0": 0},
        {"series": 14, "x": 3, "y": 0, "y0": 0},
        {"series": 14, "x": 4, "y": 0, "y0": 0},
        {"series": 14, "x": 5, "y": 0, "y0": 0},
        {"series": 14, "x": 6, "y": 0, "y0": 0},
        {"series": 14, "x": 7, "y": 0, "y0": 0},
        {"series": 14, "x": 8, "y": 0, "y0": 0},
        {"series": 14, "x": 9, "y": 0, "y0": 0},
        {"series": 14, "x": 10, "y": 0, "y0": 0},
        {"series": 14, "x": 11, "y": 0, "y0": 0},
        {"series": 14, "x": 12, "y": 0, "y0": 0},
        {"series": 14, "x": 13, "y": 0, "y0": 0},
        {"series": 14, "x": 14, "y": 0, "y0": 0},
        {"series": 14, "x": 15, "y": 2, "y0": 0},
        {"series": 14, "x": 16, "y": 0, "y0": 0},
        {"series": 14, "x": 17, "y": 0, "y0": 0},
        {"series": 14, "x": 18, "y": 0, "y0": 0},
        {"series": 14, "x": 19, "y": 0, "y0": 0},
        {"series": 14, "x": 20, "y": 0, "y0": 0},
        {"series": 14, "x": 21, "y": 0, "y0": 0},
        {"series": 14, "x": 22, "y": 0, "y0": 0},
        {"series": 14, "x": 23, "y": 0, "y0": 0},
        {"series": 14, "x": 24, "y": 0, "y0": 0},
        {"series": 14, "x": 25, "y": 0, "y0": 0},
        {"series": 14, "x": 26, "y": 0, "y0": 0},
        {"series": 14, "x": 27, "y": 0, "y0": 0},
        {"series": 14, "x": 28, "y": 0, "y0": 0}
      ]
    },
    {
      "key": "Hospitality",
      "type": "bar",
      "values": [
        {"series": 15, "x": 1, "y": 0, "y0": 0},
        {"series": 15, "x": 2, "y": 0, "y0": 0},
        {"series": 15, "x": 3, "y": 0, "y0": 0},
        {"series": 15, "x": 4, "y": 0, "y0": 0},
        {"series": 15, "x": 5, "y": 0, "y0": 0},
        {"series": 15, "x": 6, "y": 0, "y0": 0},
        {"series": 15, "x": 7, "y": 0, "y0": 0},
        {"series": 15, "x": 8, "y": 0, "y0": 0},
        {"series": 15, "x": 9, "y": 0, "y0": 0},
        {"series": 15, "x": 10, "y": 0, "y0": 0},
        {"series": 15, "x": 11, "y": 0, "y0": 0},
        {"series": 15, "x": 12, "y": 0, "y0": 0},
        {"series": 15, "x": 13, "y": 0, "y0": 0},
        {"series": 15, "x": 14, "y": 0, "y0": 0},
        {"series": 15, "x": 15, "y": 0, "y0": 0},
        {"series": 15, "x": 16, "y": 1, "y0": 0},
        {"series": 15, "x": 17, "y": 0, "y0": 0},
        {"series": 15, "x": 18, "y": 0, "y0": 0},
        {"series": 15, "x": 19, "y": 0, "y0": 0},
        {"series": 15, "x": 20, "y": 0, "y0": 0},
        {"series": 15, "x": 21, "y": 0, "y0": 0},
        {"series": 15, "x": 22, "y": 0, "y0": 0},
        {"series": 15, "x": 23, "y": 0, "y0": 0},
        {"series": 15, "x": 24, "y": 0, "y0": 0},
        {"series": 15, "x": 25, "y": 0, "y0": 0},
        {"series": 15, "x": 26, "y": 0, "y0": 0},
        {"series": 15, "x": 27, "y": 0, "y0": 0},
        {"series": 15, "x": 28, "y": 0, "y0": 0}
      ]
    },
    {
      "key": "Insurance",
      "type": "bar",
      "values": [
        {"series": 16, "x": 1, "y": 0, "y0": 0},
        {"series": 16, "x": 2, "y": 0, "y0": 0},
        {"series": 16, "x": 3, "y": 0, "y0": 0},
        {"series": 16, "x": 4, "y": 0, "y0": 0},
        {"series": 16, "x": 5, "y": 0, "y0": 0},
        {"series": 16, "x": 6, "y": 0, "y0": 0},
        {"series": 16, "x": 7, "y": 0, "y0": 0},
        {"series": 16, "x": 8, "y": 0, "y0": 0},
        {"series": 16, "x": 9, "y": 0, "y0": 0},
        {"series": 16, "x": 10, "y": 0, "y0": 0},
        {"series": 16, "x": 11, "y": 0, "y0": 0},
        {"series": 16, "x": 12, "y": 0, "y0": 0},
        {"series": 16, "x": 13, "y": 0, "y0": 0},
        {"series": 16, "x": 14, "y": 0, "y0": 0},
        {"series": 16, "x": 15, "y": 0, "y0": 0},
        {"series": 16, "x": 16, "y": 0, "y0": 0},
        {"series": 16, "x": 17, "y": 3, "y0": 0},
        {"series": 16, "x": 18, "y": 0, "y0": 0},
        {"series": 16, "x": 19, "y": 0, "y0": 0},
        {"series": 16, "x": 20, "y": 0, "y0": 0},
        {"series": 16, "x": 21, "y": 0, "y0": 0},
        {"series": 16, "x": 22, "y": 0, "y0": 0},
        {"series": 16, "x": 23, "y": 0, "y0": 0},
        {"series": 16, "x": 24, "y": 0, "y0": 0},
        {"series": 16, "x": 25, "y": 0, "y0": 0},
        {"series": 16, "x": 26, "y": 0, "y0": 0},
        {"series": 16, "x": 27, "y": 0, "y0": 0},
        {"series": 16, "x": 28, "y": 0, "y0": 0}
      ]
    },
    {
      "key": "Machinery",
      "type": "bar",
      "values": [
        {"series": 17, "x": 1, "y": 0, "y0": 0},
        {"series": 17, "x": 2, "y": 0, "y0": 0},
        {"series": 17, "x": 3, "y": 0, "y0": 0},
        {"series": 17, "x": 4, "y": 0, "y0": 0},
        {"series": 17, "x": 5, "y": 0, "y0": 0},
        {"series": 17, "x": 6, "y": 0, "y0": 0},
        {"series": 17, "x": 7, "y": 0, "y0": 0},
        {"series": 17, "x": 8, "y": 0, "y0": 0},
        {"series": 17, "x": 9, "y": 0, "y0": 0},
        {"series": 17, "x": 10, "y": 0, "y0": 0},
        {"series": 17, "x": 11, "y": 0, "y0": 0},
        {"series": 17, "x": 12, "y": 0, "y0": 0},
        {"series": 17, "x": 13, "y": 0, "y0": 0},
        {"series": 17, "x": 14, "y": 0, "y0": 0},
        {"series": 17, "x": 15, "y": 0, "y0": 0},
        {"series": 17, "x": 16, "y": 0, "y0": 0},
        {"series": 17, "x": 17, "y": 0, "y0": 0},
        {"series": 17, "x": 18, "y": 2, "y0": 0},
        {"series": 17, "x": 19, "y": 0, "y0": 0},
        {"series": 17, "x": 20, "y": 0, "y0": 0},
        {"series": 17, "x": 21, "y": 0, "y0": 0},
        {"series": 17, "x": 22, "y": 0, "y0": 0},
        {"series": 17, "x": 23, "y": 0, "y0": 0},
        {"series": 17, "x": 24, "y": 0, "y0": 0},
        {"series": 17, "x": 25, "y": 0, "y0": 0},
        {"series": 17, "x": 26, "y": 0, "y0": 0},
        {"series": 17, "x": 27, "y": 0, "y0": 0},
        {"series": 17, "x": 28, "y": 0, "y0": 0}
      ]
    },
    {
      "key": "Manufacturing",
      "type": "bar",
      "values": [
        {"series": 18, "x": 1, "y": 0, "y0": 0},
        {"series": 18, "x": 2, "y": 0, "y0": 0},
        {"series": 18, "x": 3, "y": 0, "y0": 0},
        {"series": 18, "x": 4, "y": 0, "y0": 0},
        {"series": 18, "x": 5, "y": 0, "y0": 0},
        {"series": 18, "x": 6, "y": 0, "y0": 0},
        {"series": 18, "x": 7, "y": 0, "y0": 0},
        {"series": 18, "x": 8, "y": 0, "y0": 0},
        {"series": 18, "x": 9, "y": 0, "y0": 0},
        {"series": 18, "x": 10, "y": 0, "y0": 0},
        {"series": 18, "x": 11, "y": 0, "y0": 0},
        {"series": 18, "x": 12, "y": 0, "y0": 0},
        {"series": 18, "x": 13, "y": 0, "y0": 0},
        {"series": 18, "x": 14, "y": 0, "y0": 0},
        {"series": 18, "x": 15, "y": 0, "y0": 0},
        {"series": 18, "x": 16, "y": 0, "y0": 0},
        {"series": 18, "x": 17, "y": 0, "y0": 0},
        {"series": 18, "x": 18, "y": 0, "y0": 0},
        {"series": 18, "x": 19, "y": 1, "y0": 0},
        {"series": 18, "x": 20, "y": 0, "y0": 0},
        {"series": 18, "x": 21, "y": 0, "y0": 0},
        {"series": 18, "x": 22, "y": 0, "y0": 0},
        {"series": 18, "x": 23, "y": 0, "y0": 0},
        {"series": 18, "x": 24, "y": 0, "y0": 0},
        {"series": 18, "x": 25, "y": 0, "y0": 0},
        {"series": 18, "x": 26, "y": 0, "y0": 0},
        {"series": 18, "x": 27, "y": 0, "y0": 0},
        {"series": 18, "x": 28, "y": 0, "y0": 0}
      ]
    },
    {
      "key": "Media",
      "type": "bar",
      "values": [
        {"series": 19, "x": 1, "y": 0, "y0": 0},
        {"series": 19, "x": 2, "y": 0, "y0": 0},
        {"series": 19, "x": 3, "y": 0, "y0": 0},
        {"series": 19, "x": 4, "y": 0, "y0": 0},
        {"series": 19, "x": 5, "y": 0, "y0": 0},
        {"series": 19, "x": 6, "y": 0, "y0": 0},
        {"series": 19, "x": 7, "y": 0, "y0": 0},
        {"series": 19, "x": 8, "y": 0, "y0": 0},
        {"series": 19, "x": 9, "y": 0, "y0": 0},
        {"series": 19, "x": 10, "y": 0, "y0": 0},
        {"series": 19, "x": 11, "y": 0, "y0": 0},
        {"series": 19, "x": 12, "y": 0, "y0": 0},
        {"series": 19, "x": 13, "y": 0, "y0": 0},
        {"series": 19, "x": 14, "y": 0, "y0": 0},
        {"series": 19, "x": 15, "y": 0, "y0": 0},
        {"series": 19, "x": 16, "y": 0, "y0": 0},
        {"series": 19, "x": 17, "y": 0, "y0": 0},
        {"series": 19, "x": 18, "y": 0, "y0": 0},
        {"series": 19, "x": 19, "y": 0, "y0": 0},
        {"series": 19, "x": 20, "y": 1, "y0": 0},
        {"series": 19, "x": 21, "y": 0, "y0": 0},
        {"series": 19, "x": 22, "y": 0, "y0": 0},
        {"series": 19, "x": 23, "y": 0, "y0": 0},
        {"series": 19, "x": 24, "y": 0, "y0": 0},
        {"series": 19, "x": 25, "y": 0, "y0": 0},
        {"series": 19, "x": 26, "y": 0, "y0": 0},
        {"series": 19, "x": 27, "y": 0, "y0": 0},
        {"series": 19, "x": 28, "y": 0, "y0": 0}
      ]
    },
    {
      "key": "Not For Profit",
      "type": "bar",
      "values": [
        {"series": 20, "x": 1, "y": 0, "y0": 0},
        {"series": 20, "x": 2, "y": 0, "y0": 0},
        {"series": 20, "x": 3, "y": 0, "y0": 0},
        {"series": 20, "x": 4, "y": 0, "y0": 0},
        {"series": 20, "x": 5, "y": 0, "y0": 0},
        {"series": 20, "x": 6, "y": 0, "y0": 0},
        {"series": 20, "x": 7, "y": 0, "y0": 0},
        {"series": 20, "x": 8, "y": 0, "y0": 0},
        {"series": 20, "x": 9, "y": 0, "y0": 0},
        {"series": 20, "x": 10, "y": 0, "y0": 0},
        {"series": 20, "x": 11, "y": 0, "y0": 0},
        {"series": 20, "x": 12, "y": 0, "y0": 0},
        {"series": 20, "x": 13, "y": 0, "y0": 0},
        {"series": 20, "x": 14, "y": 0, "y0": 0},
        {"series": 20, "x": 15, "y": 0, "y0": 0},
        {"series": 20, "x": 16, "y": 0, "y0": 0},
        {"series": 20, "x": 17, "y": 0, "y0": 0},
        {"series": 20, "x": 18, "y": 0, "y0": 0},
        {"series": 20, "x": 19, "y": 0, "y0": 0},
        {"series": 20, "x": 20, "y": 0, "y0": 0},
        {"series": 20, "x": 21, "y": 1, "y0": 0},
        {"series": 20, "x": 22, "y": 0, "y0": 0},
        {"series": 20, "x": 23, "y": 0, "y0": 0},
        {"series": 20, "x": 24, "y": 0, "y0": 0},
        {"series": 20, "x": 25, "y": 0, "y0": 0},
        {"series": 20, "x": 26, "y": 0, "y0": 0},
        {"series": 20, "x": 27, "y": 0, "y0": 0},
        {"series": 20, "x": 28, "y": 0, "y0": 0}
      ]
    },
    {
      "key": "Recreation",
      "type": "bar",
      "values": [
        {"series": 21, "x": 1, "y": 0, "y0": 0},
        {"series": 21, "x": 2, "y": 0, "y0": 0},
        {"series": 21, "x": 3, "y": 0, "y0": 0},
        {"series": 21, "x": 4, "y": 0, "y0": 0},
        {"series": 21, "x": 5, "y": 0, "y0": 0},
        {"series": 21, "x": 6, "y": 0, "y0": 0},
        {"series": 21, "x": 7, "y": 0, "y0": 0},
        {"series": 21, "x": 8, "y": 0, "y0": 0},
        {"series": 21, "x": 9, "y": 0, "y0": 0},
        {"series": 21, "x": 10, "y": 0, "y0": 0},
        {"series": 21, "x": 11, "y": 0, "y0": 0},
        {"series": 21, "x": 12, "y": 0, "y0": 0},
        {"series": 21, "x": 13, "y": 0, "y0": 0},
        {"series": 21, "x": 14, "y": 0, "y0": 0},
        {"series": 21, "x": 15, "y": 0, "y0": 0},
        {"series": 21, "x": 16, "y": 0, "y0": 0},
        {"series": 21, "x": 17, "y": 0, "y0": 0},
        {"series": 21, "x": 18, "y": 0, "y0": 0},
        {"series": 21, "x": 19, "y": 0, "y0": 0},
        {"series": 21, "x": 20, "y": 0, "y0": 0},
        {"series": 21, "x": 21, "y": 0, "y0": 0},
        {"series": 21, "x": 22, "y": 2, "y0": 0},
        {"series": 21, "x": 23, "y": 0, "y0": 0},
        {"series": 21, "x": 24, "y": 0, "y0": 0},
        {"series": 21, "x": 25, "y": 0, "y0": 0},
        {"series": 21, "x": 26, "y": 0, "y0": 0},
        {"series": 21, "x": 27, "y": 0, "y0": 0},
        {"series": 21, "x": 28, "y": 0, "y0": 0}
      ]
    },
    {
      "key": "Shipping",
      "type": "bar",
      "values": [
        {"series": 22, "x": 1, "y": 0, "y0": 0},
        {"series": 22, "x": 2, "y": 0, "y0": 0},
        {"series": 22, "x": 3, "y": 0, "y0": 0},
        {"series": 22, "x": 4, "y": 0, "y0": 0},
        {"series": 22, "x": 5, "y": 0, "y0": 0},
        {"series": 22, "x": 6, "y": 0, "y0": 0},
        {"series": 22, "x": 7, "y": 0, "y0": 0},
        {"series": 22, "x": 8, "y": 0, "y0": 0},
        {"series": 22, "x": 9, "y": 0, "y0": 0},
        {"series": 22, "x": 10, "y": 0, "y0": 0},
        {"series": 22, "x": 11, "y": 0, "y0": 0},
        {"series": 22, "x": 12, "y": 0, "y0": 0},
        {"series": 22, "x": 13, "y": 0, "y0": 0},
        {"series": 22, "x": 14, "y": 0, "y0": 0},
        {"series": 22, "x": 15, "y": 0, "y0": 0},
        {"series": 22, "x": 16, "y": 0, "y0": 0},
        {"series": 22, "x": 17, "y": 0, "y0": 0},
        {"series": 22, "x": 18, "y": 0, "y0": 0},
        {"series": 22, "x": 19, "y": 0, "y0": 0},
        {"series": 22, "x": 20, "y": 0, "y0": 0},
        {"series": 22, "x": 21, "y": 0, "y0": 0},
        {"series": 22, "x": 22, "y": 0, "y0": 0},
        {"series": 22, "x": 23, "y": 2, "y0": 0},
        {"series": 22, "x": 24, "y": 0, "y0": 0},
        {"series": 22, "x": 25, "y": 0, "y0": 0},
        {"series": 22, "x": 26, "y": 0, "y0": 0},
        {"series": 22, "x": 27, "y": 0, "y0": 0},
        {"series": 22, "x": 28, "y": 0, "y0": 0}
      ]
    },
    {
      "key": "Technology",
      "type": "bar",
      "values": [
        {"series": 23, "x": 1, "y": 0, "y0": 0},
        {"series": 23, "x": 2, "y": 0, "y0": 0},
        {"series": 23, "x": 3, "y": 0, "y0": 0},
        {"series": 23, "x": 4, "y": 0, "y0": 0},
        {"series": 23, "x": 5, "y": 0, "y0": 0},
        {"series": 23, "x": 6, "y": 0, "y0": 0},
        {"series": 23, "x": 7, "y": 0, "y0": 0},
        {"series": 23, "x": 8, "y": 0, "y0": 0},
        {"series": 23, "x": 9, "y": 0, "y0": 0},
        {"series": 23, "x": 10, "y": 0, "y0": 0},
        {"series": 23, "x": 11, "y": 0, "y0": 0},
        {"series": 23, "x": 12, "y": 0, "y0": 0},
        {"series": 23, "x": 13, "y": 0, "y0": 0},
        {"series": 23, "x": 14, "y": 0, "y0": 0},
        {"series": 23, "x": 15, "y": 0, "y0": 0},
        {"series": 23, "x": 16, "y": 0, "y0": 0},
        {"series": 23, "x": 17, "y": 0, "y0": 0},
        {"series": 23, "x": 18, "y": 0, "y0": 0},
        {"series": 23, "x": 19, "y": 0, "y0": 0},
        {"series": 23, "x": 20, "y": 0, "y0": 0},
        {"series": 23, "x": 21, "y": 0, "y0": 0},
        {"series": 23, "x": 22, "y": 0, "y0": 0},
        {"series": 23, "x": 23, "y": 0, "y0": 0},
        {"series": 23, "x": 24, "y": 1, "y0": 0},
        {"series": 23, "x": 25, "y": 0, "y0": 0},
        {"series": 23, "x": 26, "y": 0, "y0": 0},
        {"series": 23, "x": 27, "y": 0, "y0": 0},
        {"series": 23, "x": 28, "y": 0, "y0": 0}
      ]
    },
    {
      "key": "Telecommunications",
      "type": "bar",
      "values": [
        {"series": 24, "x": 1, "y": 0, "y0": 0},
        {"series": 24, "x": 2, "y": 0, "y0": 0},
        {"series": 24, "x": 3, "y": 0, "y0": 0},
        {"series": 24, "x": 4, "y": 0, "y0": 0},
        {"series": 24, "x": 5, "y": 0, "y0": 0},
        {"series": 24, "x": 6, "y": 0, "y0": 0},
        {"series": 24, "x": 7, "y": 0, "y0": 0},
        {"series": 24, "x": 8, "y": 0, "y0": 0},
        {"series": 24, "x": 9, "y": 0, "y0": 0},
        {"series": 24, "x": 10, "y": 0, "y0": 0},
        {"series": 24, "x": 11, "y": 0, "y0": 0},
        {"series": 24, "x": 12, "y": 0, "y0": 0},
        {"series": 24, "x": 13, "y": 0, "y0": 0},
        {"series": 24, "x": 14, "y": 0, "y0": 0},
        {"series": 24, "x": 15, "y": 0, "y0": 0},
        {"series": 24, "x": 16, "y": 0, "y0": 0},
        {"series": 24, "x": 17, "y": 0, "y0": 0},
        {"series": 24, "x": 18, "y": 0, "y0": 0},
        {"series": 24, "x": 19, "y": 0, "y0": 0},
        {"series": 24, "x": 20, "y": 0, "y0": 0},
        {"series": 24, "x": 21, "y": 0, "y0": 0},
        {"series": 24, "x": 22, "y": 0, "y0": 0},
        {"series": 24, "x": 23, "y": 0, "y0": 0},
        {"series": 24, "x": 24, "y": 0, "y0": 0},
        {"series": 24, "x": 25, "y": 1, "y0": 0},
        {"series": 24, "x": 26, "y": 0, "y0": 0},
        {"series": 24, "x": 27, "y": 0, "y0": 0},
        {"series": 24, "x": 28, "y": 0, "y0": 0}
      ]
    },
    {
      "key": "Transportation",
      "type": "bar",
      "values": [
        {"series": 25, "x": 1, "y": 0, "y0": 0},
        {"series": 25, "x": 2, "y": 0, "y0": 0},
        {"series": 25, "x": 3, "y": 0, "y0": 0},
        {"series": 25, "x": 4, "y": 0, "y0": 0},
        {"series": 25, "x": 5, "y": 0, "y0": 0},
        {"series": 25, "x": 6, "y": 0, "y0": 0},
        {"series": 25, "x": 7, "y": 0, "y0": 0},
        {"series": 25, "x": 8, "y": 0, "y0": 0},
        {"series": 25, "x": 9, "y": 0, "y0": 0},
        {"series": 25, "x": 10, "y": 0, "y0": 0},
        {"series": 25, "x": 11, "y": 0, "y0": 0},
        {"series": 25, "x": 12, "y": 0, "y0": 0},
        {"series": 25, "x": 13, "y": 0, "y0": 0},
        {"series": 25, "x": 14, "y": 0, "y0": 0},
        {"series": 25, "x": 15, "y": 0, "y0": 0},
        {"series": 25, "x": 16, "y": 0, "y0": 0},
        {"series": 25, "x": 17, "y": 0, "y0": 0},
        {"series": 25, "x": 18, "y": 0, "y0": 0},
        {"series": 25, "x": 19, "y": 0, "y0": 0},
        {"series": 25, "x": 20, "y": 0, "y0": 0},
        {"series": 25, "x": 21, "y": 0, "y0": 0},
        {"series": 25, "x": 22, "y": 0, "y0": 0},
        {"series": 25, "x": 23, "y": 0, "y0": 0},
        {"series": 25, "x": 24, "y": 0, "y0": 0},
        {"series": 25, "x": 25, "y": 0, "y0": 0},
        {"series": 25, "x": 26, "y": 1, "y0": 0},
        {"series": 25, "x": 27, "y": 0, "y0": 0},
        {"series": 25, "x": 28, "y": 0, "y0": 0}
      ]
    },
    {
      "key": "Utilities",
      "type": "bar",
      "values": [
        {"series": 26, "x": 1, "y": 0, "y0": 0},
        {"series": 26, "x": 2, "y": 0, "y0": 0},
        {"series": 26, "x": 3, "y": 0, "y0": 0},
        {"series": 26, "x": 4, "y": 0, "y0": 0},
        {"series": 26, "x": 5, "y": 0, "y0": 0},
        {"series": 26, "x": 6, "y": 0, "y0": 0},
        {"series": 26, "x": 7, "y": 0, "y0": 0},
        {"series": 26, "x": 8, "y": 0, "y0": 0},
        {"series": 26, "x": 9, "y": 0, "y0": 0},
        {"series": 26, "x": 10, "y": 0, "y0": 0},
        {"series": 26, "x": 11, "y": 0, "y0": 0},
        {"series": 26, "x": 12, "y": 0, "y0": 0},
        {"series": 26, "x": 13, "y": 0, "y0": 0},
        {"series": 26, "x": 14, "y": 0, "y0": 0},
        {"series": 26, "x": 15, "y": 0, "y0": 0},
        {"series": 26, "x": 16, "y": 0, "y0": 0},
        {"series": 26, "x": 17, "y": 0, "y0": 0},
        {"series": 26, "x": 18, "y": 0, "y0": 0},
        {"series": 26, "x": 19, "y": 0, "y0": 0},
        {"series": 26, "x": 20, "y": 0, "y0": 0},
        {"series": 26, "x": 21, "y": 0, "y0": 0},
        {"series": 26, "x": 22, "y": 0, "y0": 0},
        {"series": 26, "x": 23, "y": 0, "y0": 0},
        {"series": 26, "x": 24, "y": 0, "y0": 0},
        {"series": 26, "x": 25, "y": 0, "y0": 0},
        {"series": 26, "x": 26, "y": 0, "y0": 0},
        {"series": 26, "x": 27, "y": 3, "y0": 0},
        {"series": 26, "x": 28, "y": 0, "y0": 0}
      ]
    },
    {
      "key": "Other",
      "type": "bar",
      "values": [
        {"series": 27, "x": 1, "y": 0, "y0": 0},
        {"series": 27, "x": 2, "y": 0, "y0": 0},
        {"series": 27, "x": 3, "y": 0, "y0": 0},
        {"series": 27, "x": 4, "y": 0, "y0": 0},
        {"series": 27, "x": 5, "y": 0, "y0": 0},
        {"series": 27, "x": 6, "y": 0, "y0": 0},
        {"series": 27, "x": 7, "y": 0, "y0": 0},
        {"series": 27, "x": 8, "y": 0, "y0": 0},
        {"series": 27, "x": 9, "y": 0, "y0": 0},
        {"series": 27, "x": 10, "y": 0, "y0": 0},
        {"series": 27, "x": 11, "y": 0, "y0": 0},
        {"series": 27, "x": 12, "y": 0, "y0": 0},
        {"series": 27, "x": 13, "y": 0, "y0": 0},
        {"series": 27, "x": 14, "y": 0, "y0": 0},
        {"series": 27, "x": 15, "y": 0, "y0": 0},
        {"series": 27, "x": 16, "y": 0, "y0": 0},
        {"series": 27, "x": 17, "y": 0, "y0": 0},
        {"series": 27, "x": 18, "y": 0, "y0": 0},
        {"series": 27, "x": 19, "y": 0, "y0": 0},
        {"series": 27, "x": 20, "y": 0, "y0": 0},
        {"series": 27, "x": 21, "y": 0, "y0": 0},
        {"series": 27, "x": 22, "y": 0, "y0": 0},
        {"series": 27, "x": 23, "y": 0, "y0": 0},
        {"series": 27, "x": 24, "y": 0, "y0": 0},
        {"series": 27, "x": 25, "y": 0, "y0": 0},
        {"series": 27, "x": 26, "y": 0, "y0": 0},
        {"series": 27, "x": 27, "y": 0, "y0": 0},
        {"series": 27, "x": 28, "y": 5, "y0": 0}
      ]
    }
  ]
}
