{
  "properties": {
    "title": "Forecasting for Q1 2012",
    "labels": [
      {"group": 1, "l": "Mark Gibson"},
      {"group": 2, "l": "Terence Li"},
      {"group": 3, "l": "James Joplin"},
      {"group": 4, "l": "Amy McCray"},
      {"group": 5, "l": "My Opps"}
    ],
    "values": [
      {"group": 1, "t": 110},
      {"group": 2, "t": 220},
      {"group": 3, "t": 0},
      {"group": 4, "t": 270},
      {"group": 5, "t": 260}
    ]
  },
  "data": [
    {
      "key": "Qualified",
      "type": "bar",
      "values": [
        {"series": 0, "x": 1, "y": 50,  "y0": 0},
        {"series": 0, "x": 2, "y": 80,  "y0": 0},
        {"series": 0, "x": 3, "y": 0, "y0": 0},
        {"series": 0, "x": 4, "y": 100, "y0": 0},
        {"series": 0, "x": 5, "y": 100, "y0": 0}
      ]
    },
    {
      "key": "Proposal",
      "type": "bar",
      "values": [
        {"series": 1, "x": 1, "y": 50,  "y0":  50},
        {"series": 1, "x": 2, "y": 80,  "y0":  80},
        {"series": 1, "x": 3, "y": 0, "y0": 10},
        {"series": 1, "x": 4, "y": 100, "y0": 100},
        {"series": 1, "x": 5, "y": 90, "y0": 100}
      ]
    },
    {
      "key": "Negotiation",
      "type": "bar",
      "values": [
        {"series": 2, "x": 1, "y": 10, "y0": 100},
        {"series": 2, "x": 2, "y": 50, "y0": 160},
        {"series": 2, "x": 3, "y": 0, "y0": 10},
        {"series": 2, "x": 4, "y": 40, "y0": 200},
        {"series": 2, "x": 5, "y": 40, "y0": 190}
      ]
    },
    {
      "key": "Closed",
      "type": "bar",
      "values": [
        {"series": 3, "x": 1, "y":  0, "y0": 110},
        {"series": 3, "x": 2, "y": 0, "y0": 210},
        {"series": 3, "x": 3, "y": 0, "y0": 10},
        {"series": 3, "x": 4, "y": 0, "y0": 240},
        {"series": 3, "x": 5, "y": 0, "y0": 230}
      ]
    }
  ]
}
