{
  "properties": {
    "title": "Opportunities Won/Lost by Industry",
    "labels": [
      {"group": 1, "l": "Info Tech"},
      {"group": 2, "l": "Discretionary"},
      {"group": 3, "l": "Health Care"},
      {"group": 4, "l": "Consumer"},
      {"group": 5, "l": "Financials"},
      {"group": 6, "l": "Industrials"},
      {"group": 7, "l": "Energy"},
      {"group": 8, "l": "Materials"},
      {"group": 9, "l": "Telecomm"}
    ],
    "values": [
      {"group": 1, "t": 23.4330020276097},
      {"group": 2, "t": 8.6606251953291},
      {"group": 3, "t": 17.88080544583026},
      {"group": 4, "t": 6.1968342475181},
      {"group": 5, "t": 7.08815649332476},
      {"group": 6, "t": 4.48755617171823},
      {"group": 7, "t": -0.59204144311004},
      {"group": 8, "t": -0.91445417330854},
      {"group": 9, "t": -0.055746319141851}
    ]
  },
  "data": [
    {
      "key": "Lost",
      "color": "#d62728",
      "classes": "nv-fill00",
      "type": "bar",
      "values": [
        {"series": 0, "x": 1, "y": -1.8746444827653},
        {"series": 1, "x": 2, "y": -8.0961543492239},
        {"series": 2, "x": 3, "y": -0.57072943117674},
        {"series": 3, "x": 4, "y": -2.4174010336624},
        {"series": 4, "x": 5, "y": -0.72009071426284},
        {"series": 5, "x": 6, "y": -0.77154485523777},
        {"series": 6, "x": 7, "y": -0.90152097798131},
        {"series": 7, "x": 8, "y": -0.91445417330854},
        {"series": 8, "x": 9, "y": -0.055746319141851}
      ]
    },
    {
      "key": "Won",
      "color": "#1f77b4",
      "classes": "nv-fill02",
      "type": "bar",
      "values": [
        {"series": 0, "x": 1, "y": 25.307646510375},
        {"series": 1, "x": 2, "y": 16.756779544553},
        {"series": 2, "x": 3, "y": 18.451534877007},
        {"series": 3, "x": 4, "y": 8.6142352811805},
        {"series": 4, "x": 5, "y": 7.8082472075876},
        {"series": 5, "x": 6, "y": 5.259101026956},
        {"series": 6, "x": 7, "y": 0.30947953487127},
        {"series": 7, "x": 8, "y": 0},
        {"series": 8, "x": 9, "y": 0}
      ]
    }
  ]
}
