{
  "properties": {
    "name": " for 2014 Q4",
    "quota": 11803.351111,
    "quotaLabel": "Quota",
    "groupData": [
      {
        "group": 0,
        "l": "Jim Brennan",
        "t": 7489.1666669999995
      },
      {
        "group": 1,
        "l": "Will Westin",
        "t": 16413.492064
      },
      {
        "group": 2,
        "l": "Sarah Smith",
        "t": 71315.330688
      }
    ]
  },
  "data": [
    {
      "disabled": false,
      "key": "Likely",
      "series": 0,
      "type": "bar",
      "values": [
        {
          "series": 0,
          "x": 1,
          "y": 4085,
          "y0": 0
        },
        {
          "series": 0,
          "x": 2,
          "y": 8206.746032,
          "y0": 0
        },
        {
          "series": 0,
          "x": 3,
          "y": 35657.665344,
          "y0": 0
        }
      ],
      "valuesOrig": [
        {
          "series": 0,
          "x": 1,
          "y": 4085,
          "y0": 0
        },
        {
          "series": 0,
          "x": 2,
          "y": 8206.746032,
          "y0": 0
        },
        {
          "series": 0,
          "x": 3,
          "y": 35657.665344,
          "y0": 0
        }
      ]
    },
    {
      "disabled": false,
      "key": "Likely (Adjusted)",
      "series": 1,
      "type": "bar",
      "values": [
        {
          "series": 1,
          "x": 1,
          "y": 3404.166667,
          "y0": 0
        },
        {
          "series": 1,
          "x": 2,
          "y": 8206.746032,
          "y0": 0
        },
        {
          "series": 1,
          "x": 3,
          "y": 35657.665344,
          "y0": 0
        }
      ],
      "valuesOrig": [
        {
          "series": 1,
          "x": 1,
          "y": 3404.166667,
          "y0": 0
        },
        {
          "series": 1,
          "x": 2,
          "y": 8206.746032,
          "y0": 0
        },
        {
          "series": 1,
          "x": 3,
          "y": 35657.665344,
          "y0": 0
        }
      ]
    },
    {
      "disabled": false,
      "key": "Likely",
      "series": 0,
      "type": "line",
      "values": [
        {
          "series": 0,
          "x": 1,
          "y": 4085
        },
        {
          "series": 0,
          "x": 2,
          "y": 12291.746032
        },
        {
          "series": 0,
          "x": 3,
          "y": 47949.411376000004
        }
      ],
      "valuesOrig": [
        {
          "series": 0,
          "x": 1,
          "y": 4085
        },
        {
          "series": 0,
          "x": 2,
          "y": 12291.746032
        },
        {
          "series": 0,
          "x": 3,
          "y": 47949.411376000004
        }
      ]
    },
    {
      "disabled": false,
      "key": "Likely (Adjusted)",
      "series": 1,
      "type": "line",
      "values": [
        {
          "series": 1,
          "x": 1,
          "y": 3404.166667
        },
        {
          "series": 1,
          "x": 2,
          "y": 11610.912698999999
        },
        {
          "series": 1,
          "x": 3,
          "y": 47268.578043
        }
      ],
      "valuesOrig": [
        {
          "series": 1,
          "x": 1,
          "y": 3404.166667
        },
        {
          "series": 1,
          "x": 2,
          "y": 11610.912698999999
        },
        {
          "series": 1,
          "x": 3,
          "y": 47268.578043
        }
      ]
    }
  ]
}
