[
    {"type":"Partner", "status":"Closed Won", "assignee":"Max Jenson", "value":10},
    {"type":"Partner", "status":"Closed Won", "assignee":"Sally Bronsen", "value":10},
    {"type":"Partner", "status":"Closed Won", "assignee":"Will Westin", "value":8},
    {"type":"Partner", "status":"Closed Won", "assignee":"Chris Olliver", "value":5},
    {"type":"Partner", "status":"Closed Won", "assignee":"Sarah Smith", "value":4},
    {"type":"Partner", "status":"Closed Won", "assignee":"Jim Brennan", "value":3},

    {"type":"Partner", "status":"Closed Lost", "assignee":"Max Jenson", "value":3},
    {"type":"Partner", "status":"Closed Lost", "assignee":"Sally Bronsen", "value":2},
    {"type":"Partner", "status":"Closed Lost", "assignee":"Chris Olliver", "value":2},
    {"type":"Partner", "status":"Closed Lost", "assignee":"Sarah Smith", "value":1},
    {"type":"Partner", "status":"Closed Lost", "assignee":"Will Westin", "value":1},
    {"type":"Partner", "status":"Closed Lost", "assignee":"Jim Brennan", "value":1},


    {"type":"Self Generated", "status":"Closed Won", "assignee":"Max Jenson", "value":10},
    {"type":"Self Generated", "status":"Closed Won", "assignee":"Sally Bronsen", "value":5},
    {"type":"Self Generated", "status":"Closed Won", "assignee":"Chris Olliver", "value":5},
    {"type":"Self Generated", "status":"Closed Won", "assignee":"Sarah Smith", "value":2},
    {"type":"Self Generated", "status":"Closed Won", "assignee":"Jim Brennan", "value":2},
    {"type":"Self Generated", "status":"Closed Won", "assignee":"Will Westin", "value":1},

    {"type":"Self Generated", "status":"Closed Lost", "assignee":"Max Jenson", "value":3},
    {"type":"Self Generated", "status":"Closed Lost", "assignee":"Sally Bronsen", "value":3},
    {"type":"Self Generated", "status":"Closed Lost", "assignee":"Chris Olliver", "value":2},
    {"type":"Self Generated", "status":"Closed Lost", "assignee":"Sarah Smith", "value":1},
    {"type":"Self Generated", "status":"Closed Lost", "assignee":"Will Westin", "value":1},
    {"type":"Self Generated", "status":"Closed Lost", "assignee":"Jim Brennan", "value":0},


    {"type":"Existing Customer", "status":"Closed Won", "assignee":"Max Jenson", "value":5},
    {"type":"Existing Customer", "status":"Closed Won", "assignee":"Sally Bronsen", "value":5},
    {"type":"Existing Customer", "status":"Closed Won", "assignee":"Chris Olliver", "value":3},
    {"type":"Existing Customer", "status":"Closed Won", "assignee":"Will Westin", "value":3},
    {"type":"Existing Customer", "status":"Closed Won", "assignee":"Sarah Smith", "value":2},
    {"type":"Existing Customer", "status":"Closed Won", "assignee":"Jim Brennan", "value":2},

    {"type":"Existing Customer", "status":"Closed Lost", "assignee":"Max Jenson", "value":3},
    {"type":"Existing Customer", "status":"Closed Lost", "assignee":"Sally Bronsen", "value":2},
    {"type":"Existing Customer", "status":"Closed Lost", "assignee":"Chris Olliver", "value":2},
    {"type":"Existing Customer", "status":"Closed Lost", "assignee":"Sarah Smith", "value":1},
    {"type":"Existing Customer", "status":"Closed Lost", "assignee":"Will Westin", "value":1},
    {"type":"Existing Customer", "status":"Closed Lost", "assignee":"Jim Brennan", "value":1},


    {"type":"Employee", "status":"Closed Won", "assignee":"Max Jenson", "value":5},
    {"type":"Employee", "status":"Closed Won", "assignee":"Sally Bronsen", "value":5},
    {"type":"Employee", "status":"Closed Won", "assignee":"Chris Olliver", "value":3},
    {"type":"Employee", "status":"Closed Won", "assignee":"Sarah Smith", "value":2},
    {"type":"Employee", "status":"Closed Won", "assignee":"Will Westin", "value":0},
    {"type":"Employee", "status":"Closed Won", "assignee":"Jim Brennan", "value":0},

    {"type":"Employee", "status":"Closed Lost", "assignee":"Max Jenson", "value":2},
    {"type":"Employee", "status":"Closed Lost", "assignee":"Sally Bronsen", "value":1},
    {"type":"Employee", "status":"Closed Lost", "assignee":"Chris Olliver", "value":1},
    {"type":"Employee", "status":"Closed Lost", "assignee":"Sarah Smith", "value":1},
    {"type":"Employee", "status":"Closed Lost", "assignee":"Will Westin", "value":0},
    {"type":"Employee", "status":"Closed Lost", "assignee":"Jim Brennan", "value":0},


    {"type":"Cold Call", "status":"Closed Won", "assignee":"Max Jenson", "value":2},
    {"type":"Cold Call", "status":"Closed Won", "assignee":"Sally Bronsen", "value":1},
    {"type":"Cold Call", "status":"Closed Won", "assignee":"Chris Olliver", "value":1},
    {"type":"Cold Call", "status":"Closed Won", "assignee":"Sarah Smith", "value":1},
    {"type":"Cold Call", "status":"Closed Won", "assignee":"Will Westin", "value":0},
    {"type":"Cold Call", "status":"Closed Won", "assignee":"Jim Brennan", "value":0},

    {"type":"Cold Call", "status":"Closed Lost", "assignee":"Max Jenson", "value":2},
    {"type":"Cold Call", "status":"Closed Lost", "assignee":"Sally Bronsen", "value":1},
    {"type":"Cold Call", "status":"Closed Lost", "assignee":"Chris Olliver", "value":1},
    {"type":"Cold Call", "status":"Closed Lost", "assignee":"Sarah Smith", "value":0},
    {"type":"Cold Call", "status":"Closed Lost", "assignee":"Will Westin", "value":0},
    {"type":"Cold Call", "status":"Closed Lost", "assignee":"Jim Brennan", "value":1}

]
