{
    "next_offset": 10,
    "records": [{
            "id": "3a458f54-264e-e8f4-2eed-516f68ef6295",
            "name": "Davenport Investing - 1000 units",
            "date_modified": "2013-04-18T03:25:00+00:00",
            "assigned_user_name": "Sally Bronsen",
            "account_id": "67263165-1348-f423-45a0-516f6797e6db",
            "currency_id": "-99",
            "base_rate": "1",
            "likely_case": "71989",
            "date_closed": "2013-05-23",
            "commit_stage": "exclude",
            "sales_stage": "Id. Decision Makers",
            "probability": "40",
            "account_name": "Davenport Investing",
            "my_favorite": false,
            "_acl": {
                "fields": {}
            },
            "following": false,
            "_module": "Products"
        }, {
            "id": "85d9a18a-84e1-59f0-c102-516f6871bce4",
            "name": "Max Holdings Ltd - 1000 units",
            "date_modified": "2013-04-18T03:25:00+00:00",
            "assigned_user_name": "Chris Olliver",
            "account_id": "de615786-bb3f-6196-e0c7-516f6753706a",
            "currency_id": "-99",
            "base_rate": "1",
            "likely_case": "70148",
            "date_closed": "2013-04-23",
            "commit_stage": "include",
            "sales_stage": "Perception Analysis",
            "probability": "50",
            "account_name": "Max Holdings Ltd",
            "my_favorite": false,
            "_acl": {
                "fields": {}
            },
            "following": false,
            "_module": "Products"
        }, {
            "id": "c68234e4-4304-2d6b-0d3d-516f682f0dbc",
            "name": "Coolview Net Ltd - 1000 units",
            "date_modified": "2013-04-18T03:25:00+00:00",
            "assigned_user_name": "Will Westin",
            "account_id": "52905db5-d41f-b8b9-67d4-516f67501148",
            "currency_id": "-99",
            "base_rate": "1",
            "likely_case": "69667",
            "date_closed": "2013-05-26",
            "commit_stage": "exclude",
            "sales_stage": "Qualification",
            "probability": "20",
            "account_name": "Coolview Net Ltd",
            "my_favorite": false,
            "_acl": {
                "fields": {}
            },
            "following": false,
            "_module": "Products"
        }, {
            "id": "1723a261-9c78-0eec-0d7d-516f68fd5c73",
            "name": "Super Star Holdings Inc - 1000 units",
            "date_modified": "2013-04-18T03:25:00+00:00",
            "assigned_user_name": "Sarah Smith",
            "account_id": "2677442e-9b09-b35e-ceac-516f678755c7",
            "currency_id": "-99",
            "base_rate": "1",
            "likely_case": "68761",
            "date_closed": "2013-05-19",
            "commit_stage": "include",
            "sales_stage": "Needs Analysis",
            "probability": "25",
            "account_name": "Super Star Holdings Inc",
            "my_favorite": false,
            "_acl": {
                "fields": {}
            },
            "following": false,
            "_module": "Products"
        }, {
            "id": "cb2f1f0b-8705-9f12-9dcf-516f68159151",
            "name": "Airline Maintenance Co - 1000 units",
            "date_modified": "2013-04-18T03:25:00+00:00",
            "assigned_user_name": "Sally Bronsen",
            "account_id": "4c7e0efa-3a23-5c07-106a-516f674beaea",
            "currency_id": "-99",
            "base_rate": "1",
            "likely_case": "68675",
            "date_closed": "2013-06-21",
            "commit_stage": "exclude",
            "sales_stage": "Perception Analysis",
            "probability": "50",
            "account_name": "Airline Maintenance Co",
            "my_favorite": false,
            "_acl": {
                "fields": {}
            },
            "following": false,
            "_module": "Products"
        }, {
            "id": "c0ec30c2-02ea-1cbf-e868-516f686a4577",
            "name": "TJ O'Rourke Inc - 1000 units",
            "date_modified": "2013-04-18T03:25:00+00:00",
            "assigned_user_name": "Sally Bronsen",
            "account_id": "583efa47-c5e8-f27d-ee27-516f6794c55b",
            "currency_id": "-99",
            "base_rate": "1",
            "likely_case": "68611",
            "date_closed": "2013-04-22",
            "commit_stage": "exclude",
            "sales_stage": "Qualification",
            "probability": "20",
            "account_name": "TJ O'Rourke Inc",
            "my_favorite": false,
            "_acl": {
                "fields": {}
            },
            "following": false,
            "_module": "Products"
        }, {
            "id": "90bed37a-8bf5-e800-fd76-516f68a79e3f",
            "name": "B.C. Investing International - 1000 units",
            "date_modified": "2013-04-18T03:25:00+00:00",
            "assigned_user_name": "Will Westin",
            "account_id": "185806a4-e161-b6a8-b833-516f675710cf",
            "currency_id": "-99",
            "base_rate": "1",
            "likely_case": "68597",
            "date_closed": "2013-05-29",
            "commit_stage": "include",
            "sales_stage": "Id. Decision Makers",
            "probability": "40",
            "account_name": "B.C. Investing International",
            "my_favorite": false,
            "_acl": {
                "fields": {}
            },
            "following": false,
            "_module": "Products"
        }, {
            "id": "58f2d8f0-32c3-8113-4fa8-516f68c99cc2",
            "name": "Coolview Net Ltd - 1000 units",
            "date_modified": "2013-04-18T03:25:00+00:00",
            "assigned_user_name": "Jim Brennan",
            "account_id": "8320d254-60bc-aab2-e53e-516f673db6f2",
            "currency_id": "-99",
            "base_rate": "1",
            "likely_case": "68427",
            "date_closed": "2013-04-21",
            "commit_stage": "exclude",
            "sales_stage": "Perception Analysis",
            "probability": "50",
            "account_name": "Coolview Net Ltd",
            "my_favorite": false,
            "_acl": {
                "fields": {}
            },
            "following": false,
            "_module": "Products"
        }, {
            "id": "19045159-b7e1-7ffe-1622-516f6877c47b",
            "name": "JJ Resources Inc - 1000 units",
            "date_modified": "2013-04-18T03:25:00+00:00",
            "assigned_user_name": "Chris Olliver",
            "account_id": "a7bfff76-a119-d7bc-017a-516f67b88457",
            "currency_id": "-99",
            "base_rate": "1",
            "likely_case": "68384",
            "date_closed": "2013-05-23",
            "commit_stage": "include",
            "sales_stage": "Qualification",
            "probability": "20",
            "account_name": "JJ Resources Inc",
            "my_favorite": false,
            "_acl": {
                "fields": {}
            },
            "following": false,
            "_module": "Products"
        }, {
            "id": "2072bd6d-73f0-776b-0c84-516f68fcb44f",
            "name": "Smith & Sons - 1000 units",
            "date_modified": "2013-04-18T03:25:00+00:00",
            "assigned_user_name": "Will Westin",
            "account_id": "2f1bf045-fb70-33ea-25f5-516f6749a4b3",
            "currency_id": "-99",
            "base_rate": "1",
            "likely_case": "67795",
            "date_closed": "2013-05-21",
            "commit_stage": "exclude",
            "sales_stage": "Proposal/Price Quote",
            "probability": "65",
            "account_name": "Smith & Sons",
            "my_favorite": false,
            "_acl": {
                "fields": {}
            },
            "following": false,
            "_module": "Products"
        }
    ]
}
